,form,lexeme,morph_descr,category
0,porucznik,porucznik,subst:sg.pl:nom.gen.dat.acc.inst.loc.voc:f,profession
1,porucznik,porucznik,subst:sg:nom:m1,profession
2,porucznika,porucznik,subst:sg:gen.acc:m1,profession
3,porucznikowi,porucznik,subst:sg:dat:m1,profession
4,porucznikiem,porucznik,subst:sg:inst:m1,profession
5,poruczniku,porucznik,subst:sg:loc:m1,profession
6,poruczniku,porucznik,subst:sg:voc:m1,profession
7,porucznicy,porucznik,subst:pl:nom.voc:m1,profession
8,poruczników,porucznik,subst:pl:gen.acc:m1,profession
9,porucznikom,porucznik,subst:pl:dat:m1,profession
10,porucznikami,porucznik,subst:pl:inst:m1,profession
11,porucznikach,porucznik,subst:pl:loc:m1,profession
12,pastor,pastor,subst:sg:nom:m1,profession
13,pastora,pastor,subst:sg:gen.acc:m1,profession
14,pastorowi,pastor,subst:sg:dat:m1,profession
15,pastorem,pastor,subst:sg:inst:m1,profession
16,pastorze,pastor,subst:sg:loc:m1,profession
17,pastorze,pastor,subst:sg:voc:m1,profession
18,pastorowie,pastor,subst:pl:nom.voc:m1,profession
19,pastorzy,pastor,subst:pl:nom.voc:m1,profession
20,pastorów,pastor,subst:pl:gen.acc:m1,profession
21,pastorom,pastor,subst:pl:dat:m1,profession
22,pastorami,pastor,subst:pl:inst:m1,profession
23,pastorach,pastor,subst:pl:loc:m1,profession
24,ksiądz,ksiądz,subst:sg:nom:m1,profession
25,księdza,ksiądz,subst:sg:gen.acc:m1,profession
26,księdzu,ksiądz,subst:sg:dat:m1,profession
27,księdzem,ksiądz,subst:sg:inst:m1,profession
28,księdzu,ksiądz,subst:sg:loc:m1,profession
29,księże,ksiądz,subst:sg:voc:m1,profession
30,księża,ksiądz,subst:pl:nom.voc:m1,profession
31,księży,ksiądz,subst:pl:gen.acc:m1,profession
32,księżom,ksiądz,subst:pl:dat:m1,profession
33,księżmi,ksiądz,subst:pl:inst:m1,profession
34,księżach,ksiądz,subst:pl:loc:m1,profession
35,lump,lump,subst:sg:nom:m1,profession
36,lumpa,lump,subst:sg:gen.acc:m1,profession
37,lumpowi,lump,subst:sg:dat:m1,profession
38,lumpem,lump,subst:sg:inst:m1,profession
39,lumpie,lump,subst:sg:loc:m1,profession
40,lumpie,lump,subst:sg:voc:m1,profession
41,lumpowie,lump,subst:pl:nom.voc:m1,profession
42,lumpów,lump,subst:pl:gen.acc:m1,profession
43,lumpom,lump,subst:pl:dat:m1,profession
44,lumpami,lump,subst:pl:inst:m1,profession
45,lumpach,lump,subst:pl:loc:m1,profession
46,lump,lump,subst:sg:nom.acc:m3,profession
47,lumpa,lump,subst:sg:gen:m3,profession
48,lumpowi,lump,subst:sg:dat:m3,profession
49,lumpem,lump,subst:sg:inst:m3,profession
50,lumpie,lump,subst:sg:loc:m3,profession
51,lumpie,lump,subst:sg:voc:m3,profession
52,lumpy,lump,subst:pl:nom.acc.voc:m3,profession
53,lumpów,lump,subst:pl:gen:m3,profession
54,lumpom,lump,subst:pl:dat:m3,profession
55,lumpami,lump,subst:pl:inst:m3,profession
56,lumpach,lump,subst:pl:loc:m3,profession
57,pajac,pajac,subst:sg:nom:m1,profession
58,pajaca,pajac,subst:sg:gen.acc:m1,profession
59,pajacowi,pajac,subst:sg:dat:m1,profession
60,pajacem,pajac,subst:sg:inst:m1,profession
61,pajacu,pajac,subst:sg:loc:m1,profession
62,pajacu,pajac,subst:sg:voc:m1,profession
63,pajace,pajac,subst:pl:nom.voc:m1,profession
64,pajacowie,pajac,subst:pl:nom.voc:m1,profession
65,pajacy,pajac,subst:pl:gen.acc:m1,profession
66,pajaców,pajac,subst:pl:gen.acc:m1,profession
67,pajacom,pajac,subst:pl:dat:m1,profession
68,pajacami,pajac,subst:pl:inst:m1,profession
69,pajacach,pajac,subst:pl:loc:m1,profession
70,pajac,pajac,subst:sg:nom:m2,profession
71,pajaca,pajac,subst:sg:gen.acc:m2,profession
72,pajacowi,pajac,subst:sg:dat:m2,profession
73,pajacem,pajac,subst:sg:inst:m2,profession
74,pajacu,pajac,subst:sg:loc:m2,profession
75,pajacu,pajac,subst:sg:voc:m2,profession
76,pajace,pajac,subst:pl:nom.acc.voc:m2,profession
77,pajacy,pajac,subst:pl:gen:m2,profession
78,pajaców,pajac,subst:pl:gen:m2,profession
79,pajacom,pajac,subst:pl:dat:m2,profession
80,pajacami,pajac,subst:pl:inst:m2,profession
81,pajacach,pajac,subst:pl:loc:m2,profession
82,chirurg,chirurg,subst:sg:nom:m1,profession
83,chirurga,chirurg,subst:sg:gen.acc:m1,profession
84,chirurgowi,chirurg,subst:sg:dat:m1,profession
85,chirurgiem,chirurg,subst:sg:inst:m1,profession
86,chirurgu,chirurg,subst:sg:loc:m1,profession
87,chirurgu,chirurg,subst:sg:voc:m1,profession
88,chirurgowie,chirurg,subst:pl:nom.voc:m1,profession
89,chirurdzy,chirurg,subst:pl:nom.voc:m1,profession
90,chirurgów,chirurg,subst:pl:gen.acc:m1,profession
91,chirurgom,chirurg,subst:pl:dat:m1,profession
92,chirurgami,chirurg,subst:pl:inst:m1,profession
93,chirurgach,chirurg,subst:pl:loc:m1,profession
94,premier,premier,subst:sg.pl:nom.gen.dat.acc.inst.loc.voc:f,profession
95,premier,premier,subst:sg:nom:m1,profession
96,premiera,premier,subst:sg:gen.acc:m1,profession
97,premierowi,premier,subst:sg:dat:m1,profession
98,premierem,premier,subst:sg:inst:m1,profession
99,premierze,premier,subst:sg:loc:m1,profession
100,premierze,premier,subst:sg:voc:m1,profession
101,premierzy,premier,subst:pl:nom.voc:m1,profession
102,premierów,premier,subst:pl:gen.acc:m1,profession
103,premierom,premier,subst:pl:dat:m1,profession
104,premierami,premier,subst:pl:inst:m1,profession
105,premierach,premier,subst:pl:loc:m1,profession
106,polityk,polityk,subst:sg:nom.acc:m3,profession
107,polityku,polityk,subst:sg:gen:m3,profession
108,politykowi,polityk,subst:sg:dat:m3,profession
109,politykiem,polityk,subst:sg:inst:m3,profession
110,polityku,polityk,subst:sg:loc:m3,profession
111,polityku,polityk,subst:sg:voc:m3,profession
112,polityki,polityk,subst:pl:nom.acc.voc:m3,profession
113,polityków,polityk,subst:pl:gen:m3,profession
114,politykom,polityk,subst:pl:dat:m3,profession
115,politykami,polityk,subst:pl:inst:m3,profession
116,politykach,polityk,subst:pl:loc:m3,profession
117,polityk,polityk,subst:sg:nom:m1,profession
118,polityka,polityk,subst:sg:gen.acc:m1,profession
119,politykowi,polityk,subst:sg:dat:m1,profession
120,politykiem,polityk,subst:sg:inst:m1,profession
121,polityku,polityk,subst:sg:loc:m1,profession
122,polityku,polityk,subst:sg:voc:m1,profession
123,politycy,polityk,subst:pl:nom.voc:m1,profession
124,polityków,polityk,subst:pl:gen.acc:m1,profession
125,politykom,polityk,subst:pl:dat:m1,profession
126,politykami,polityk,subst:pl:inst:m1,profession
127,politykach,polityk,subst:pl:loc:m1,profession
128,magister,magister,subst:sg.pl:nom.gen.dat.acc.inst.loc.voc:f,profession
129,magister,magister,subst:sg:nom:m1,profession
130,magistra,magister,subst:sg:gen.acc:m1,profession
131,magistrowi,magister,subst:sg:dat:m1,profession
132,magistrem,magister,subst:sg:inst:m1,profession
133,magistrze,magister,subst:sg:loc:m1,profession
134,magistrze,magister,subst:sg:voc:m1,profession
135,magistrowie,magister,subst:pl:nom.voc:m1,profession
136,magistrzy,magister,subst:pl:nom.voc:m1,profession
137,magistrów,magister,subst:pl:gen.acc:m1,profession
138,magistrom,magister,subst:pl:dat:m1,profession
139,magistrami,magister,subst:pl:inst:m1,profession
140,magistrach,magister,subst:pl:loc:m1,profession
141,nurek,nurek,subst:sg:nom:m1,profession
142,nurka,nurek,subst:sg:gen.acc:m1,profession
143,nurkowi,nurek,subst:sg:dat:m1,profession
144,nurkiem,nurek,subst:sg:inst:m1,profession
145,nurku,nurek,subst:sg:loc:m1,profession
146,nurku,nurek,subst:sg:voc:m1,profession
147,nurkowie,nurek,subst:pl:nom.voc:m1,profession
148,nurków,nurek,subst:pl:gen.acc:m1,profession
149,nurkom,nurek,subst:pl:dat:m1,profession
150,nurkami,nurek,subst:pl:inst:m1,profession
151,nurkach,nurek,subst:pl:loc:m1,profession
152,nurek,nurek,subst:sg:nom:m2,profession
153,nurka,nurek,subst:sg:gen.acc:m2,profession
154,nurkowi,nurek,subst:sg:dat:m2,profession
155,nurkiem,nurek,subst:sg:inst:m2,profession
156,nurku,nurek,subst:sg:loc:m2,profession
157,nurku,nurek,subst:sg:voc:m2,profession
158,nurki,nurek,subst:pl:nom.acc.voc:m2,profession
159,nurków,nurek,subst:pl:gen:m2,profession
160,nurkom,nurek,subst:pl:dat:m2,profession
161,nurkami,nurek,subst:pl:inst:m2,profession
162,nurkach,nurek,subst:pl:loc:m2,profession
163,geriatra,geriatra,subst:sg:nom:m1,profession
164,geriatry,geriatra,subst:sg:gen:m1,profession
165,geriatrze,geriatra,subst:sg:dat.loc:m1,profession
166,geriatrę,geriatra,subst:sg:acc:m1,profession
167,geriatrą,geriatra,subst:sg:inst:m1,profession
168,geriatro,geriatra,subst:sg:voc:m1,profession
169,geriatrzy,geriatra,subst:pl:nom.voc:m1,profession
170,geriatrów,geriatra,subst:pl:gen.acc:m1,profession
171,geriatrom,geriatra,subst:pl:dat:m1,profession
172,geriatrami,geriatra,subst:pl:inst:m1,profession
173,geriatrach,geriatra,subst:pl:loc:m1,profession
174,dziekan,dziekan,subst:sg.pl:nom.gen.dat.acc.inst.loc.voc:f,profession
175,dziekan,dziekan,subst:sg:nom:m1,profession
176,dziekana,dziekan,subst:sg:gen.acc:m1,profession
177,dziekanowi,dziekan,subst:sg:dat:m1,profession
178,dziekanem,dziekan,subst:sg:inst:m1,profession
179,dziekanie,dziekan,subst:sg:loc:m1,profession
180,dziekanie,dziekan,subst:sg:voc:m1,profession
181,dziekani,dziekan,subst:pl:nom.voc:m1,profession
182,dziekanów,dziekan,subst:pl:gen.acc:m1,profession
183,dziekanom,dziekan,subst:pl:dat:m1,profession
184,dziekanami,dziekan,subst:pl:inst:m1,profession
185,dziekanach,dziekan,subst:pl:loc:m1,profession
186,starosta,starosta,subst:sg:nom:m1,profession
187,starosty,starosta,subst:sg:gen:m1,profession
188,staroście,starosta,subst:sg:dat.loc:m1,profession
189,starostę,starosta,subst:sg:acc:m1,profession
190,starostą,starosta,subst:sg:inst:m1,profession
191,starosto,starosta,subst:sg:voc:m1,profession
192,starostowie,starosta,subst:pl:nom.voc:m1,profession
193,starostów,starosta,subst:pl:gen.acc:m1,profession
194,starostom,starosta,subst:pl:dat:m1,profession
195,starostami,starosta,subst:pl:inst:m1,profession
196,starostach,starosta,subst:pl:loc:m1,profession
197,jeniec,jeniec,subst:sg:nom:m1,profession
198,jeńca,jeniec,subst:sg:gen.acc:m1,profession
199,jeńcowi,jeniec,subst:sg:dat:m1,profession
200,jeńcem,jeniec,subst:sg:inst:m1,profession
201,jeńcu,jeniec,subst:sg:loc:m1,profession
202,jeńcu,jeniec,subst:sg:voc:m1,profession
203,jeńcze,jeniec,subst:sg:voc:m1,profession
204,jeńcy,jeniec,subst:pl:nom.voc:m1,profession
205,jeńców,jeniec,subst:pl:gen.acc:m1,profession
206,jeńcom,jeniec,subst:pl:dat:m1,profession
207,jeńcami,jeniec,subst:pl:inst:m1,profession
208,jeńcach,jeniec,subst:pl:loc:m1,profession
209,nieuk,nieuk,subst:sg:nom:m1,profession
210,nieuka,nieuk,subst:sg:gen.acc:m1,profession
211,nieukowi,nieuk,subst:sg:dat:m1,profession
212,nieukiem,nieuk,subst:sg:inst:m1,profession
213,nieuku,nieuk,subst:sg:loc:m1,profession
214,nieuku,nieuk,subst:sg:voc:m1,profession
215,nieukowie,nieuk,subst:pl:nom.voc:m1,profession
216,nieucy,nieuk,subst:pl:nom.voc:m1,profession
217,nieuków,nieuk,subst:pl:gen.acc:m1,profession
218,nieukom,nieuk,subst:pl:dat:m1,profession
219,nieukami,nieuk,subst:pl:inst:m1,profession
220,nieukach,nieuk,subst:pl:loc:m1,profession
221,inżynier,inżynier,subst:sg:nom:m1,profession
222,inżyniera,inżynier,subst:sg:gen.acc:m1,profession
223,inżynierowi,inżynier,subst:sg:dat:m1,profession
224,inżynierem,inżynier,subst:sg:inst:m1,profession
225,inżynierze,inżynier,subst:sg:loc:m1,profession
226,inżynierze,inżynier,subst:sg:voc:m1,profession
227,inżynierowie,inżynier,subst:pl:nom.voc:m1,profession
228,inżynierzy,inżynier,subst:pl:nom.voc:m1,profession
229,inżynierów,inżynier,subst:pl:gen.acc:m1,profession
230,inżynierom,inżynier,subst:pl:dat:m1,profession
231,inżynierami,inżynier,subst:pl:inst:m1,profession
232,inżynierach,inżynier,subst:pl:loc:m1,profession
233,mędrzec,mędrzec,subst:sg:nom:m1,profession
234,mędrca,mędrzec,subst:sg:gen.acc:m1,profession
235,mędrcowi,mędrzec,subst:sg:dat:m1,profession
236,mędrcem,mędrzec,subst:sg:inst:m1,profession
237,mędrcu,mędrzec,subst:sg:loc:m1,profession
238,mędrcu,mędrzec,subst:sg:voc:m1,profession
239,mędrcze,mędrzec,subst:sg:voc:m1,profession
240,mędrcy,mędrzec,subst:pl:nom.voc:m1,profession
241,mędrców,mędrzec,subst:pl:gen.acc:m1,profession
242,mędrcom,mędrzec,subst:pl:dat:m1,profession
243,mędrcami,mędrzec,subst:pl:inst:m1,profession
244,mędrcach,mędrzec,subst:pl:loc:m1,profession
245,architekt,architekt,subst:sg:nom:m1,profession
246,architekta,architekt,subst:sg:gen.acc:m1,profession
247,architektowi,architekt,subst:sg:dat:m1,profession
248,architektem,architekt,subst:sg:inst:m1,profession
249,architekcie,architekt,subst:sg:loc:m1,profession
250,architekcie,architekt,subst:sg:voc:m1,profession
251,architekci,architekt,subst:pl:nom.voc:m1,profession
252,architektów,architekt,subst:pl:gen.acc:m1,profession
253,architektom,architekt,subst:pl:dat:m1,profession
254,architektami,architekt,subst:pl:inst:m1,profession
255,architektach,architekt,subst:pl:loc:m1,profession
256,zbieg,zbieg,subst:sg:nom:m1,profession
257,zbiega,zbieg,subst:sg:gen.acc:m1,profession
258,zbiegowi,zbieg,subst:sg:dat:m1,profession
259,zbiegiem,zbieg,subst:sg:inst:m1,profession
260,zbiegu,zbieg,subst:sg:loc:m1,profession
261,zbiegu,zbieg,subst:sg:voc:m1,profession
262,zbiegowie,zbieg,subst:pl:nom.voc:m1,profession
263,zbiegów,zbieg,subst:pl:gen.acc:m1,profession
264,zbiegom,zbieg,subst:pl:dat:m1,profession
265,zbiegami,zbieg,subst:pl:inst:m1,profession
266,zbiegach,zbieg,subst:pl:loc:m1,profession
267,zbieg,zbieg,subst:sg:nom.acc:m3,profession
268,zbiegu,zbieg,subst:sg:gen:m3,profession
269,zbiegowi,zbieg,subst:sg:dat:m3,profession
270,zbiegiem,zbieg,subst:sg:inst:m3,profession
271,zbiegu,zbieg,subst:sg:loc:m3,profession
272,zbiegu,zbieg,subst:sg:voc:m3,profession
273,zbiegi,zbieg,subst:pl:nom.acc.voc:m3,profession
274,zbiegów,zbieg,subst:pl:gen:m3,profession
275,zbiegom,zbieg,subst:pl:dat:m3,profession
276,zbiegami,zbieg,subst:pl:inst:m3,profession
277,zbiegach,zbieg,subst:pl:loc:m3,profession
278,szubrawiec,szubrawiec,subst:sg:nom:m1,profession
279,szubrawca,szubrawiec,subst:sg:gen.acc:m1,profession
280,szubrawcowi,szubrawiec,subst:sg:dat:m1,profession
281,szubrawcem,szubrawiec,subst:sg:inst:m1,profession
282,szubrawcu,szubrawiec,subst:sg:loc:m1,profession
283,szubrawcu,szubrawiec,subst:sg:voc:m1,profession
284,szubrawcze,szubrawiec,subst:sg:voc:m1,profession
285,szubrawcy,szubrawiec,subst:pl:nom.voc:m1,profession
286,szubrawców,szubrawiec,subst:pl:gen.acc:m1,profession
287,szubrawcom,szubrawiec,subst:pl:dat:m1,profession
288,szubrawcami,szubrawiec,subst:pl:inst:m1,profession
289,szubrawcach,szubrawiec,subst:pl:loc:m1,profession
290,szpieg,szpieg,subst:sg:nom:m1,profession
291,szpiega,szpieg,subst:sg:gen.acc:m1,profession
292,szpiegowi,szpieg,subst:sg:dat:m1,profession
293,szpiegiem,szpieg,subst:sg:inst:m1,profession
294,szpiegu,szpieg,subst:sg:loc:m1,profession
295,szpiegu,szpieg,subst:sg:voc:m1,profession
296,szpiedzy,szpieg,subst:pl:nom.voc:m1,profession
297,szpiegów,szpieg,subst:pl:gen.acc:m1,profession
298,szpiegom,szpieg,subst:pl:dat:m1,profession
299,szpiegami,szpieg,subst:pl:inst:m1,profession
300,szpiegach,szpieg,subst:pl:loc:m1,profession
301,upiór,upiór,subst:sg:nom:m2,profession
302,upiora,upiór,subst:sg:gen.acc:m2,profession
303,upiorowi,upiór,subst:sg:dat:m2,profession
304,upiorem,upiór,subst:sg:inst:m2,profession
305,upiorze,upiór,subst:sg:loc:m2,profession
306,upiorze,upiór,subst:sg:voc:m2,profession
307,upiory,upiór,subst:pl:nom.acc.voc:m2,profession
308,upiorów,upiór,subst:pl:gen:m2,profession
309,upiorom,upiór,subst:pl:dat:m2,profession
310,upiorami,upiór,subst:pl:inst:m2,profession
311,upiorach,upiór,subst:pl:loc:m2,profession
312,prefekt,prefekt,subst:sg:nom:m1,profession
313,prefekta,prefekt,subst:sg:gen.acc:m1,profession
314,prefektowi,prefekt,subst:sg:dat:m1,profession
315,prefektem,prefekt,subst:sg:inst:m1,profession
316,prefekcie,prefekt,subst:sg:loc:m1,profession
317,prefekcie,prefekt,subst:sg:voc:m1,profession
318,prefekci,prefekt,subst:pl:nom.voc:m1,profession
319,prefektów,prefekt,subst:pl:gen.acc:m1,profession
320,prefektom,prefekt,subst:pl:dat:m1,profession
321,prefektami,prefekt,subst:pl:inst:m1,profession
322,prefektach,prefekt,subst:pl:loc:m1,profession
323,muzykolog,muzykolog,subst:sg:nom:m1,profession
324,muzykologa,muzykolog,subst:sg:gen.acc:m1,profession
325,muzykologowi,muzykolog,subst:sg:dat:m1,profession
326,muzykologiem,muzykolog,subst:sg:inst:m1,profession
327,muzykologu,muzykolog,subst:sg:loc:m1,profession
328,muzykologu,muzykolog,subst:sg:voc:m1,profession
329,muzykologowie,muzykolog,subst:pl:nom.voc:m1,profession
330,muzykolodzy,muzykolog,subst:pl:nom.voc:m1,profession
331,muzykologów,muzykolog,subst:pl:gen.acc:m1,profession
332,muzykologom,muzykolog,subst:pl:dat:m1,profession
333,muzykologami,muzykolog,subst:pl:inst:m1,profession
334,muzykologach,muzykolog,subst:pl:loc:m1,profession
335,majster,majster,subst:sg:nom:m1,profession
336,majstra,majster,subst:sg:gen.acc:m1,profession
337,majstrowi,majster,subst:sg:dat:m1,profession
338,majstrem,majster,subst:sg:inst:m1,profession
339,majstrze,majster,subst:sg:loc:m1,profession
340,majstrze,majster,subst:sg:voc:m1,profession
341,majstrowie,majster,subst:pl:nom.voc:m1,profession
342,majstrzy,majster,subst:pl:nom.voc:m1,profession
343,majstrów,majster,subst:pl:gen.acc:m1,profession
344,majstrom,majster,subst:pl:dat:m1,profession
345,majstrami,majster,subst:pl:inst:m1,profession
346,majstrach,majster,subst:pl:loc:m1,profession
347,pułkownik,pułkownik,subst:sg:nom:m1,profession
348,pułkownika,pułkownik,subst:sg:gen.acc:m1,profession
349,pułkownikowi,pułkownik,subst:sg:dat:m1,profession
350,pułkownikiem,pułkownik,subst:sg:inst:m1,profession
351,pułkowniku,pułkownik,subst:sg:loc:m1,profession
352,pułkowniku,pułkownik,subst:sg:voc:m1,profession
353,pułkownicy,pułkownik,subst:pl:nom.voc:m1,profession
354,pułkowników,pułkownik,subst:pl:gen.acc:m1,profession
355,pułkownikom,pułkownik,subst:pl:dat:m1,profession
356,pułkownikami,pułkownik,subst:pl:inst:m1,profession
357,pułkownikach,pułkownik,subst:pl:loc:m1,profession
358,petent,petent,subst:sg:nom:m1,profession
359,petenta,petent,subst:sg:gen.acc:m1,profession
360,petentowi,petent,subst:sg:dat:m1,profession
361,petentem,petent,subst:sg:inst:m1,profession
362,petencie,petent,subst:sg:loc:m1,profession
363,petencie,petent,subst:sg:voc:m1,profession
364,petenci,petent,subst:pl:nom.voc:m1,profession
365,petentów,petent,subst:pl:gen.acc:m1,profession
366,petentom,petent,subst:pl:dat:m1,profession
367,petentami,petent,subst:pl:inst:m1,profession
368,petentach,petent,subst:pl:loc:m1,profession
369,geometra,geometra,subst:sg:nom:m1,profession
370,geometry,geometra,subst:sg:gen:m1,profession
371,geometrze,geometra,subst:sg:dat.loc:m1,profession
372,geometrę,geometra,subst:sg:acc:m1,profession
373,geometrą,geometra,subst:sg:inst:m1,profession
374,geometro,geometra,subst:sg:voc:m1,profession
375,geometrowie,geometra,subst:pl:nom.voc:m1,profession
376,geometrzy,geometra,subst:pl:nom.voc:m1,profession
377,geometrów,geometra,subst:pl:gen.acc:m1,profession
378,geometrom,geometra,subst:pl:dat:m1,profession
379,geometrami,geometra,subst:pl:inst:m1,profession
380,geometrach,geometra,subst:pl:loc:m1,profession
381,elekt,elekt,subst:sg:nom:m1,profession
382,elekta,elekt,subst:sg:gen.acc:m1,profession
383,elektowi,elekt,subst:sg:dat:m1,profession
384,elektem,elekt,subst:sg:inst:m1,profession
385,elekcie,elekt,subst:sg:loc:m1,profession
386,elekcie,elekt,subst:sg:voc:m1,profession
387,elekci,elekt,subst:pl:nom.voc:m1,profession
388,elektów,elekt,subst:pl:gen.acc:m1,profession
389,elektom,elekt,subst:pl:dat:m1,profession
390,elektami,elekt,subst:pl:inst:m1,profession
391,elektach,elekt,subst:pl:loc:m1,profession
392,pediatra,pediatra,subst:sg:nom:m1,profession
393,pediatry,pediatra,subst:sg:gen:m1,profession
394,pediatrze,pediatra,subst:sg:dat.loc:m1,profession
395,pediatrę,pediatra,subst:sg:acc:m1,profession
396,pediatrą,pediatra,subst:sg:inst:m1,profession
397,pediatro,pediatra,subst:sg:voc:m1,profession
398,pediatrzy,pediatra,subst:pl:nom.voc:m1,profession
399,pediatrów,pediatra,subst:pl:gen.acc:m1,profession
400,pediatrom,pediatra,subst:pl:dat:m1,profession
401,pediatrami,pediatra,subst:pl:inst:m1,profession
402,pediatrach,pediatra,subst:pl:loc:m1,profession
403,prezydent,prezydent,subst:sg.pl:nom.gen.dat.acc.inst.loc.voc:f,profession
404,prezydent,prezydent,subst:sg:nom:m1,profession
405,prezydenta,prezydent,subst:sg:gen.acc:m1,profession
406,prezydentowi,prezydent,subst:sg:dat:m1,profession
407,prezydentem,prezydent,subst:sg:inst:m1,profession
408,prezydencie,prezydent,subst:sg:loc:m1,profession
409,prezydencie,prezydent,subst:sg:voc:m1,profession
410,prezydenci,prezydent,subst:pl:nom.voc:m1,profession
411,prezydentów,prezydent,subst:pl:gen.acc:m1,profession
412,prezydentom,prezydent,subst:pl:dat:m1,profession
413,prezydentami,prezydent,subst:pl:inst:m1,profession
414,prezydentach,prezydent,subst:pl:loc:m1,profession
415,murarz,murarz,subst:sg:nom:m1,profession
416,murarza,murarz,subst:sg:gen.acc:m1,profession
417,murarzowi,murarz,subst:sg:dat:m1,profession
418,murarzem,murarz,subst:sg:inst:m1,profession
419,murarzu,murarz,subst:sg:loc:m1,profession
420,murarzu,murarz,subst:sg:voc:m1,profession
421,murarze,murarz,subst:pl:nom.voc:m1,profession
422,murarzy,murarz,subst:pl:gen.acc:m1,profession
423,murarzów,murarz,subst:pl:gen.acc:m1,profession
424,murarzom,murarz,subst:pl:dat:m1,profession
425,murarzami,murarz,subst:pl:inst:m1,profession
426,murarzach,murarz,subst:pl:loc:m1,profession
427,widz,widz,subst:sg:nom:m1,profession
428,widza,widz,subst:sg:gen.acc:m1,profession
429,widzowi,widz,subst:sg:dat:m1,profession
430,widzem,widz,subst:sg:inst:m1,profession
431,widzu,widz,subst:sg:loc:m1,profession
432,widzu,widz,subst:sg:voc:m1,profession
433,widzowie,widz,subst:pl:nom.voc:m1,profession
434,widzów,widz,subst:pl:gen.acc:m1,profession
435,widzom,widz,subst:pl:dat:m1,profession
436,widzami,widz,subst:pl:inst:m1,profession
437,widzach,widz,subst:pl:loc:m1,profession
438,jaskiniowiec,jaskiniowiec,subst:sg:nom:m1,profession
439,jaskiniowca,jaskiniowiec,subst:sg:gen.acc:m1,profession
440,jaskiniowcowi,jaskiniowiec,subst:sg:dat:m1,profession
441,jaskiniowcem,jaskiniowiec,subst:sg:inst:m1,profession
442,jaskiniowcu,jaskiniowiec,subst:sg:loc:m1,profession
443,jaskiniowcu,jaskiniowiec,subst:sg:voc:m1,profession
444,jaskiniowcze,jaskiniowiec,subst:sg:voc:m1,profession
445,jaskiniowcy,jaskiniowiec,subst:pl:nom.voc:m1,profession
446,jaskiniowców,jaskiniowiec,subst:pl:gen.acc:m1,profession
447,jaskiniowcom,jaskiniowiec,subst:pl:dat:m1,profession
448,jaskiniowcami,jaskiniowiec,subst:pl:inst:m1,profession
449,jaskiniowcach,jaskiniowiec,subst:pl:loc:m1,profession
450,ftyzjatra,ftyzjatra,subst:sg:nom:m1,profession
451,ftyzjatry,ftyzjatra,subst:sg:gen:m1,profession
452,ftyzjatrze,ftyzjatra,subst:sg:dat.loc:m1,profession
453,ftyzjatrę,ftyzjatra,subst:sg:acc:m1,profession
454,ftyzjatrą,ftyzjatra,subst:sg:inst:m1,profession
455,ftyzjatro,ftyzjatra,subst:sg:voc:m1,profession
456,ftyzjatrzy,ftyzjatra,subst:pl:nom.voc:m1,profession
457,ftyzjatrów,ftyzjatra,subst:pl:gen.acc:m1,profession
458,ftyzjatrom,ftyzjatra,subst:pl:dat:m1,profession
459,ftyzjatrami,ftyzjatra,subst:pl:inst:m1,profession
460,ftyzjatrach,ftyzjatra,subst:pl:loc:m1,profession
461,dureń,dureń,subst:sg:nom:m1,profession
462,durnia,dureń,subst:sg:gen.acc:m1,profession
463,durniowi,dureń,subst:sg:dat:m1,profession
464,durniem,dureń,subst:sg:inst:m1,profession
465,durniu,dureń,subst:sg:loc:m1,profession
466,durniu,dureń,subst:sg:voc:m1,profession
467,durnie,dureń,subst:pl:nom.voc:m1,profession
468,durni,dureń,subst:pl:gen.acc:m1,profession
469,durniów,dureń,subst:pl:gen.acc:m1,profession
470,durniom,dureń,subst:pl:dat:m1,profession
471,durniami,dureń,subst:pl:inst:m1,profession
472,durniach,dureń,subst:pl:loc:m1,profession
473,dureń,dureń,subst:sg:nom:m2,profession
474,durnia,dureń,subst:sg:gen.acc:m2,profession
475,durniowi,dureń,subst:sg:dat:m2,profession
476,durniem,dureń,subst:sg:inst:m2,profession
477,durniu,dureń,subst:sg:loc:m2,profession
478,durniu,dureń,subst:sg:voc:m2,profession
479,durnie,dureń,subst:pl:nom.acc.voc:m2,profession
480,durniów,dureń,subst:pl:gen:m2,profession
481,durniom,dureń,subst:pl:dat:m2,profession
482,durniami,dureń,subst:pl:inst:m2,profession
483,durniach,dureń,subst:pl:loc:m2,profession
484,powstaniec,powstaniec,subst:sg:nom:m1,profession
485,powstańca,powstaniec,subst:sg:gen.acc:m1,profession
486,powstańcowi,powstaniec,subst:sg:dat:m1,profession
487,powstańcem,powstaniec,subst:sg:inst:m1,profession
488,powstańcu,powstaniec,subst:sg:loc:m1,profession
489,powstańcu,powstaniec,subst:sg:voc:m1,profession
490,powstańcze,powstaniec,subst:sg:voc:m1,profession
491,powstańcy,powstaniec,subst:pl:nom.voc:m1,profession
492,powstańców,powstaniec,subst:pl:gen.acc:m1,profession
493,powstańcom,powstaniec,subst:pl:dat:m1,profession
494,powstańcami,powstaniec,subst:pl:inst:m1,profession
495,powstańcach,powstaniec,subst:pl:loc:m1,profession
496,sierżant,sierżant,subst:sg:nom:m1,profession
497,sierżanta,sierżant,subst:sg:gen.acc:m1,profession
498,sierżantowi,sierżant,subst:sg:dat:m1,profession
499,sierżantem,sierżant,subst:sg:inst:m1,profession
500,sierżancie,sierżant,subst:sg:loc:m1,profession
501,sierżancie,sierżant,subst:sg:voc:m1,profession
502,sierżanci,sierżant,subst:pl:nom.voc:m1,profession
503,sierżantów,sierżant,subst:pl:gen.acc:m1,profession
504,sierżantom,sierżant,subst:pl:dat:m1,profession
505,sierżantami,sierżant,subst:pl:inst:m1,profession
506,sierżantach,sierżant,subst:pl:loc:m1,profession
507,wójt,wójt,subst:sg.pl:nom.gen.dat.acc.inst.loc.voc:f,profession
508,wójt,wójt,subst:sg:nom:m1,profession
509,wójta,wójt,subst:sg:gen.acc:m1,profession
510,wójtowi,wójt,subst:sg:dat:m1,profession
511,wójtem,wójt,subst:sg:inst:m1,profession
512,wójcie,wójt,subst:sg:loc:m1,profession
513,wójcie,wójt,subst:sg:voc:m1,profession
514,wójtowie,wójt,subst:pl:nom.voc:m1,profession
515,wójtów,wójt,subst:pl:gen.acc:m1,profession
516,wójtom,wójt,subst:pl:dat:m1,profession
517,wójtami,wójt,subst:pl:inst:m1,profession
518,wójtach,wójt,subst:pl:loc:m1,profession
519,szklarz,szklarz,subst:sg:nom:m1,profession
520,szklarza,szklarz,subst:sg:gen.acc:m1,profession
521,szklarzowi,szklarz,subst:sg:dat:m1,profession
522,szklarzem,szklarz,subst:sg:inst:m1,profession
523,szklarzu,szklarz,subst:sg:loc:m1,profession
524,szklarzu,szklarz,subst:sg:voc:m1,profession
525,szklarze,szklarz,subst:pl:nom.voc:m1,profession
526,szklarzy,szklarz,subst:pl:gen.acc:m1,profession
527,szklarzów,szklarz,subst:pl:gen.acc:m1,profession
528,szklarzom,szklarz,subst:pl:dat:m1,profession
529,szklarzami,szklarz,subst:pl:inst:m1,profession
530,szklarzach,szklarz,subst:pl:loc:m1,profession
531,kierowca,kierowca,subst:sg:nom:m1,profession
532,kierowcy,kierowca,subst:sg:gen:m1,profession
533,kierowcy,kierowca,subst:sg:dat.loc:m1,profession
534,kierowcę,kierowca,subst:sg:acc:m1,profession
535,kierowcą,kierowca,subst:sg:inst:m1,profession
536,kierowco,kierowca,subst:sg:voc:m1,profession
537,kierowcy,kierowca,subst:pl:nom.voc:m1,profession
538,kierowców,kierowca,subst:pl:gen.acc:m1,profession
539,kierowcom,kierowca,subst:pl:dat:m1,profession
540,kierowcami,kierowca,subst:pl:inst:m1,profession
541,kierowcach,kierowca,subst:pl:loc:m1,profession
542,drań,drań,subst:sg:nom:m1,profession
543,drania,drań,subst:sg:gen.acc:m1,profession
544,draniowi,drań,subst:sg:dat:m1,profession
545,draniem,drań,subst:sg:inst:m1,profession
546,draniu,drań,subst:sg:loc:m1,profession
547,draniu,drań,subst:sg:voc:m1,profession
548,dranie,drań,subst:pl:nom.voc:m1,profession
549,drani,drań,subst:pl:gen.acc:m1,profession
550,draniów,drań,subst:pl:gen.acc:m1,profession
551,draniom,drań,subst:pl:dat:m1,profession
552,draniami,drań,subst:pl:inst:m1,profession
553,draniach,drań,subst:pl:loc:m1,profession
554,burmistrz,burmistrz,subst:sg.pl:nom.gen.dat.acc.inst.loc.voc:f,profession
555,burmistrz,burmistrz,subst:sg:nom:m1,profession
556,burmistrza,burmistrz,subst:sg:gen.acc:m1,profession
557,burmistrzowi,burmistrz,subst:sg:dat:m1,profession
558,burmistrzem,burmistrz,subst:sg:inst:m1,profession
559,burmistrzu,burmistrz,subst:sg:loc:m1,profession
560,burmistrzu,burmistrz,subst:sg:voc:m1,profession
561,burmistrze,burmistrz,subst:pl:nom.voc:m1,profession
562,burmistrzowie,burmistrz,subst:pl:nom.voc:m1,profession
563,burmistrzów,burmistrz,subst:pl:gen.acc:m1,profession
564,burmistrzom,burmistrz,subst:pl:dat:m1,profession
565,burmistrzami,burmistrz,subst:pl:inst:m1,profession
566,burmistrzach,burmistrz,subst:pl:loc:m1,profession
567,dramaturg,dramaturg,subst:sg:nom:m1,profession
568,dramaturga,dramaturg,subst:sg:gen.acc:m1,profession
569,dramaturgowi,dramaturg,subst:sg:dat:m1,profession
570,dramaturgiem,dramaturg,subst:sg:inst:m1,profession
571,dramaturgu,dramaturg,subst:sg:loc:m1,profession
572,dramaturgu,dramaturg,subst:sg:voc:m1,profession
573,dramaturgowie,dramaturg,subst:pl:nom.voc:m1,profession
574,dramaturdzy,dramaturg,subst:pl:nom.voc:m1,profession
575,dramaturgów,dramaturg,subst:pl:gen.acc:m1,profession
576,dramaturgom,dramaturg,subst:pl:dat:m1,profession
577,dramaturgami,dramaturg,subst:pl:inst:m1,profession
578,dramaturgach,dramaturg,subst:pl:loc:m1,profession
579,ginekolog,ginekolog,subst:sg.pl:nom.gen.dat.acc.inst.loc.voc:f,profession
580,ginekolog,ginekolog,subst:sg:nom:m1,profession
581,ginekologa,ginekolog,subst:sg:gen.acc:m1,profession
582,ginekologowi,ginekolog,subst:sg:dat:m1,profession
583,ginekologiem,ginekolog,subst:sg:inst:m1,profession
584,ginekologu,ginekolog,subst:sg:loc:m1,profession
585,ginekologu,ginekolog,subst:sg:voc:m1,profession
586,ginekologowie,ginekolog,subst:pl:nom.voc:m1,profession
587,ginekolodzy,ginekolog,subst:pl:nom.voc:m1,profession
588,ginekologów,ginekolog,subst:pl:gen.acc:m1,profession
589,ginekologom,ginekolog,subst:pl:dat:m1,profession
590,ginekologami,ginekolog,subst:pl:inst:m1,profession
591,ginekologach,ginekolog,subst:pl:loc:m1,profession
592,jeździec,jeździec,subst:sg:nom:m1,profession
593,jeźdźca,jeździec,subst:sg:gen.acc:m1,profession
594,jeźdźcowi,jeździec,subst:sg:dat:m1,profession
595,jeźdźcem,jeździec,subst:sg:inst:m1,profession
596,jeźdźcu,jeździec,subst:sg:loc:m1,profession
597,jeźdźcu,jeździec,subst:sg:voc:m1,profession
598,jeźdźcze,jeździec,subst:sg:voc:m1,profession
599,jeźdźcy,jeździec,subst:pl:nom.voc:m1,profession
600,jeźdźców,jeździec,subst:pl:gen.acc:m1,profession
601,jeźdźcom,jeździec,subst:pl:dat:m1,profession
602,jeźdźcami,jeździec,subst:pl:inst:m1,profession
603,jeźdźcach,jeździec,subst:pl:loc:m1,profession
604,ekspert,ekspert,subst:sg:nom:m1,profession
605,eksperta,ekspert,subst:sg:gen.acc:m1,profession
606,ekspertowi,ekspert,subst:sg:dat:m1,profession
607,ekspertem,ekspert,subst:sg:inst:m1,profession
608,ekspercie,ekspert,subst:sg:loc:m1,profession
609,ekspercie,ekspert,subst:sg:voc:m1,profession
610,eksperci,ekspert,subst:pl:nom.voc:m1,profession
611,ekspertów,ekspert,subst:pl:gen.acc:m1,profession
612,ekspertom,ekspert,subst:pl:dat:m1,profession
613,ekspertami,ekspert,subst:pl:inst:m1,profession
614,ekspertach,ekspert,subst:pl:loc:m1,profession
615,naukowiec,naukowiec,subst:sg:nom:m1,profession
616,naukowca,naukowiec,subst:sg:gen.acc:m1,profession
617,naukowcowi,naukowiec,subst:sg:dat:m1,profession
618,naukowcem,naukowiec,subst:sg:inst:m1,profession
619,naukowcu,naukowiec,subst:sg:loc:m1,profession
620,naukowcu,naukowiec,subst:sg:voc:m1,profession
621,naukowcze,naukowiec,subst:sg:voc:m1,profession
622,naukowcy,naukowiec,subst:pl:nom.voc:m1,profession
623,naukowców,naukowiec,subst:pl:gen.acc:m1,profession
624,naukowcom,naukowiec,subst:pl:dat:m1,profession
625,naukowcami,naukowiec,subst:pl:inst:m1,profession
626,naukowcach,naukowiec,subst:pl:loc:m1,profession
627,foniatra,foniatra,subst:sg:nom:m1,profession
628,foniatry,foniatra,subst:sg:gen:m1,profession
629,foniatrze,foniatra,subst:sg:dat.loc:m1,profession
630,foniatrę,foniatra,subst:sg:acc:m1,profession
631,foniatrą,foniatra,subst:sg:inst:m1,profession
632,foniatro,foniatra,subst:sg:voc:m1,profession
633,foniatrzy,foniatra,subst:pl:nom.voc:m1,profession
634,foniatrów,foniatra,subst:pl:gen.acc:m1,profession
635,foniatrom,foniatra,subst:pl:dat:m1,profession
636,foniatrami,foniatra,subst:pl:inst:m1,profession
637,foniatrach,foniatra,subst:pl:loc:m1,profession
638,subiekt,subiekt,subst:sg:nom:m1,profession
639,subiekta,subiekt,subst:sg:gen.acc:m1,profession
640,subiektowi,subiekt,subst:sg:dat:m1,profession
641,subiektem,subiekt,subst:sg:inst:m1,profession
642,subiekcie,subiekt,subst:sg:loc:m1,profession
643,subiekcie,subiekt,subst:sg:voc:m1,profession
644,subiekci,subiekt,subst:pl:nom.voc:m1,profession
645,subiektów,subiekt,subst:pl:gen.acc:m1,profession
646,subiektom,subiekt,subst:pl:dat:m1,profession
647,subiektami,subiekt,subst:pl:inst:m1,profession
648,subiektach,subiekt,subst:pl:loc:m1,profession
649,subiekt,subiekt,subst:sg:nom.acc:m3,profession
650,subiektu,subiekt,subst:sg:gen:m3,profession
651,subiektowi,subiekt,subst:sg:dat:m3,profession
652,subiektem,subiekt,subst:sg:inst:m3,profession
653,subiekcie,subiekt,subst:sg:loc:m3,profession
654,subiekcie,subiekt,subst:sg:voc:m3,profession
655,subiekty,subiekt,subst:pl:nom.acc.voc:m3,profession
656,subiektów,subiekt,subst:pl:gen:m3,profession
657,subiektom,subiekt,subst:pl:dat:m3,profession
658,subiektami,subiekt,subst:pl:inst:m3,profession
659,subiektach,subiekt,subst:pl:loc:m3,profession
660,rektor,rektor,subst:sg.pl:nom.gen.dat.acc.inst.loc.voc:f,profession
661,rektor,rektor,subst:sg:nom:m1,profession
662,rektora,rektor,subst:sg:gen.acc:m1,profession
663,rektorowi,rektor,subst:sg:dat:m1,profession
664,rektorem,rektor,subst:sg:inst:m1,profession
665,rektorze,rektor,subst:sg:loc:m1,profession
666,rektorze,rektor,subst:sg:voc:m1,profession
667,rektorowie,rektor,subst:pl:nom.voc:m1,profession
668,rektorzy,rektor,subst:pl:nom.voc:m1,profession
669,rektorów,rektor,subst:pl:gen.acc:m1,profession
670,rektorom,rektor,subst:pl:dat:m1,profession
671,rektorami,rektor,subst:pl:inst:m1,profession
672,rektorach,rektor,subst:pl:loc:m1,profession
673,minister,minister,subst:sg:nom.acc:m3,profession
674,ministeru,minister,subst:sg:gen:m3,profession
675,ministerowi,minister,subst:sg:dat:m3,profession
676,ministerem,minister,subst:sg:inst:m3,profession
677,ministerze,minister,subst:sg:loc:m3,profession
678,ministerze,minister,subst:sg:voc:m3,profession
679,ministery,minister,subst:pl:nom.acc.voc:m3,profession
680,ministerów,minister,subst:pl:gen:m3,profession
681,ministerom,minister,subst:pl:dat:m3,profession
682,ministerami,minister,subst:pl:inst:m3,profession
683,ministerach,minister,subst:pl:loc:m3,profession
684,minister,minister,subst:sg.pl:nom.gen.dat.acc.inst.loc.voc:f,profession
685,minister,minister,subst:sg:nom:m1,profession
686,ministra,minister,subst:sg:gen.acc:m1,profession
687,ministrowi,minister,subst:sg:dat:m1,profession
688,ministrem,minister,subst:sg:inst:m1,profession
689,ministrze,minister,subst:sg:loc:m1,profession
690,ministrze,minister,subst:sg:voc:m1,profession
691,ministrowie,minister,subst:pl:nom.voc:m1,profession
692,ministrów,minister,subst:pl:gen.acc:m1,profession
693,ministrom,minister,subst:pl:dat:m1,profession
694,ministrami,minister,subst:pl:inst:m1,profession
695,ministrach,minister,subst:pl:loc:m1,profession
696,dupek,dupek,subst:sg:nom:m1,profession
697,dupka,dupek,subst:sg:gen.acc:m1,profession
698,dupkowi,dupek,subst:sg:dat:m1,profession
699,dupkiem,dupek,subst:sg:inst:m1,profession
700,dupku,dupek,subst:sg:loc:m1,profession
701,dupku,dupek,subst:sg:voc:m1,profession
702,dupkowie,dupek,subst:pl:nom.voc:m1,profession
703,dupków,dupek,subst:pl:gen.acc:m1,profession
704,dupkom,dupek,subst:pl:dat:m1,profession
705,dupkami,dupek,subst:pl:inst:m1,profession
706,dupkach,dupek,subst:pl:loc:m1,profession
707,psychiatra,psychiatra,subst:sg:nom:m1,profession
708,psychiatry,psychiatra,subst:sg:gen:m1,profession
709,psychiatrze,psychiatra,subst:sg:dat.loc:m1,profession
710,psychiatrę,psychiatra,subst:sg:acc:m1,profession
711,psychiatrą,psychiatra,subst:sg:inst:m1,profession
712,psychiatro,psychiatra,subst:sg:voc:m1,profession
713,psychiatrzy,psychiatra,subst:pl:nom.voc:m1,profession
714,psychiatrów,psychiatra,subst:pl:gen.acc:m1,profession
715,psychiatrom,psychiatra,subst:pl:dat:m1,profession
716,psychiatrami,psychiatra,subst:pl:inst:m1,profession
717,psychiatrach,psychiatra,subst:pl:loc:m1,profession
718,głupek,głupek,subst:sg:nom:m1,profession
719,głupka,głupek,subst:sg:gen.acc:m1,profession
720,głupkowi,głupek,subst:sg:dat:m1,profession
721,głupkiem,głupek,subst:sg:inst:m1,profession
722,głupku,głupek,subst:sg:loc:m1,profession
723,głupku,głupek,subst:sg:voc:m1,profession
724,głupkowie,głupek,subst:pl:nom.voc:m1,profession
725,głupków,głupek,subst:pl:gen.acc:m1,profession
726,głupkom,głupek,subst:pl:dat:m1,profession
727,głupkami,głupek,subst:pl:inst:m1,profession
728,głupkach,głupek,subst:pl:loc:m1,profession
729,proboszcz,proboszcz,subst:sg:nom:m1,profession
730,proboszcza,proboszcz,subst:sg:gen.acc:m1,profession
731,proboszczowi,proboszcz,subst:sg:dat:m1,profession
732,proboszczem,proboszcz,subst:sg:inst:m1,profession
733,proboszczu,proboszcz,subst:sg:loc:m1,profession
734,proboszczu,proboszcz,subst:sg:voc:m1,profession
735,proboszczowie,proboszcz,subst:pl:nom.voc:m1,profession
736,proboszczów,proboszcz,subst:pl:gen.acc:m1,profession
737,proboszczom,proboszcz,subst:pl:dat:m1,profession
738,proboszczami,proboszcz,subst:pl:inst:m1,profession
739,proboszczach,proboszcz,subst:pl:loc:m1,profession
740,adiunkt,adiunkt,subst:sg:nom:m1,profession
741,adiunkta,adiunkt,subst:sg:gen.acc:m1,profession
742,adiunktowi,adiunkt,subst:sg:dat:m1,profession
743,adiunktem,adiunkt,subst:sg:inst:m1,profession
744,adiunkcie,adiunkt,subst:sg:loc:m1,profession
745,adiunkcie,adiunkt,subst:sg:voc:m1,profession
746,adiunkci,adiunkt,subst:pl:nom.voc:m1,profession
747,adiunktów,adiunkt,subst:pl:gen.acc:m1,profession
748,adiunktom,adiunkt,subst:pl:dat:m1,profession
749,adiunktami,adiunkt,subst:pl:inst:m1,profession
750,adiunktach,adiunkt,subst:pl:loc:m1,profession
751,demiurg,demiurg,subst:sg:nom:m1,profession
752,demiurga,demiurg,subst:sg:gen.acc:m1,profession
753,demiurgowi,demiurg,subst:sg:dat:m1,profession
754,demiurgiem,demiurg,subst:sg:inst:m1,profession
755,demiurgu,demiurg,subst:sg:loc:m1,profession
756,demiurgu,demiurg,subst:sg:voc:m1,profession
757,demiurgowie,demiurg,subst:pl:nom.voc:m1,profession
758,demiurgów,demiurg,subst:pl:gen.acc:m1,profession
759,demiurgom,demiurg,subst:pl:dat:m1,profession
760,demiurgami,demiurg,subst:pl:inst:m1,profession
761,demiurgach,demiurg,subst:pl:loc:m1,profession
762,herszt,herszt,subst:sg:nom:m1,profession
763,herszta,herszt,subst:sg:gen.acc:m1,profession
764,hersztowi,herszt,subst:sg:dat:m1,profession
765,hersztem,herszt,subst:sg:inst:m1,profession
766,herszcie,herszt,subst:sg:loc:m1,profession
767,herszcie,herszt,subst:sg:voc:m1,profession
768,hersztowie,herszt,subst:pl:nom.voc:m1,profession
769,herszci,herszt,subst:pl:nom.voc:m1,profession
770,hersztów,herszt,subst:pl:gen.acc:m1,profession
771,hersztom,herszt,subst:pl:dat:m1,profession
772,hersztami,herszt,subst:pl:inst:m1,profession
773,hersztach,herszt,subst:pl:loc:m1,profession
774,metalurg,metalurg,subst:sg:nom:m1,profession
775,metalurga,metalurg,subst:sg:gen.acc:m1,profession
776,metalurgowi,metalurg,subst:sg:dat:m1,profession
777,metalurgiem,metalurg,subst:sg:inst:m1,profession
778,metalurgu,metalurg,subst:sg:loc:m1,profession
779,metalurgu,metalurg,subst:sg:voc:m1,profession
780,metalurgowie,metalurg,subst:pl:nom.voc:m1,profession
781,metalurdzy,metalurg,subst:pl:nom.voc:m1,profession
782,metalurgów,metalurg,subst:pl:gen.acc:m1,profession
783,metalurgom,metalurg,subst:pl:dat:m1,profession
784,metalurgami,metalurg,subst:pl:inst:m1,profession
785,metalurgach,metalurg,subst:pl:loc:m1,profession
786,babochłop,babochłop,subst:sg:nom:m2,gendered
787,babochłopa,babochłop,subst:sg:gen.acc:m2,gendered
788,babochłopu,babochłop,subst:sg:dat:m2,gendered
789,babochłopem,babochłop,subst:sg:inst:m2,gendered
790,babochłopie,babochłop,subst:sg:loc:m2,gendered
791,babochłopie,babochłop,subst:sg:voc:m2,gendered
792,babochłopy,babochłop,subst:pl:nom.acc.voc:m2,gendered
793,babochłopów,babochłop,subst:pl:gen:m2,gendered
794,babochłopom,babochłop,subst:pl:dat:m2,gendered
795,babochłopami,babochłop,subst:pl:inst:m2,gendered
796,babochłopach,babochłop,subst:pl:loc:m2,gendered
797,babol,babol,subst:sg:nom:m2,gendered
798,babola,babol,subst:sg:gen.acc:m2,gendered
799,babolowi,babol,subst:sg:dat:m2,gendered
800,babolem,babol,subst:sg:inst:m2,gendered
801,babolu,babol,subst:sg:loc:m2,gendered
802,babolu,babol,subst:sg:voc:m2,gendered
803,babole,babol,subst:pl:nom.acc.voc:m2,gendered
804,baboli,babol,subst:pl:gen:m2,gendered
805,babolom,babol,subst:pl:dat:m2,gendered
806,babolami,babol,subst:pl:inst:m2,gendered
807,babolach,babol,subst:pl:loc:m2,gendered
808,babon,babon,subst:sg:nom:m2,gendered
809,babona,babon,subst:sg:gen.acc:m2,gendered
810,babonowi,babon,subst:sg:dat:m2,gendered
811,babonem,babon,subst:sg:inst:m2,gendered
812,babonie,babon,subst:sg:loc:m2,gendered
813,babonie,babon,subst:sg:voc:m2,gendered
814,babony,babon,subst:pl:nom.acc.voc:m2,gendered
815,babonów,babon,subst:pl:gen:m2,gendered
816,babonom,babon,subst:pl:dat:m2,gendered
817,babonami,babon,subst:pl:inst:m2,gendered
818,babonach,babon,subst:pl:loc:m2,gendered
819,babsko,babsko,subst:sg:nom.acc.voc:n:ncol,gendered
820,babska,babsko,subst:sg:gen:n:ncol,gendered
821,babsku,babsko,subst:sg:dat:n:ncol,gendered
822,babskiem,babsko,subst:sg:inst:n:ncol,gendered
823,babsku,babsko,subst:sg:loc:n:ncol,gendered
824,babska,babsko,subst:pl:nom.acc.voc:n:ncol,gendered
825,babsk,babsko,subst:pl:gen:n:ncol,gendered
826,babskom,babsko,subst:pl:dat:n:ncol,gendered
827,babskami,babsko,subst:pl:inst:n:ncol,gendered
828,babskach,babsko,subst:pl:loc:n:ncol,gendered
829,babsko,babsko,adv:pos,gendered
830,babsztyl,babsztyl,subst:sg:nom:m2,gendered
831,babsztyla,babsztyl,subst:sg:gen.acc:m2,gendered
832,babsztylowi,babsztyl,subst:sg:dat:m2,gendered
833,babsztylem,babsztyl,subst:sg:inst:m2,gendered
834,babsztylu,babsztyl,subst:sg:loc:m2,gendered
835,babsztylu,babsztyl,subst:sg:voc:m2,gendered
836,babsztyle,babsztyl,subst:pl:nom.acc.voc:m2,gendered
837,babsztyli,babsztyl,subst:pl:gen:m2,gendered
838,babsztylów,babsztyl,subst:pl:gen:m2,gendered
839,babsztylom,babsztyl,subst:pl:dat:m2,gendered
840,babsztylami,babsztyl,subst:pl:inst:m2,gendered
841,babsztylach,babsztyl,subst:pl:loc:m2,gendered
842,babus,babus,subst:sg:nom:m2,gendered
843,babusa,babus,subst:sg:gen.acc:m2,gendered
844,babusowi,babus,subst:sg:dat:m2,gendered
845,babusem,babus,subst:sg:inst:m2,gendered
846,babusie,babus,subst:sg:loc:m2,gendered
847,babusie,babus,subst:sg:voc:m2,gendered
848,babusy,babus,subst:pl:nom.acc.voc:m2,gendered
849,babusów,babus,subst:pl:gen:m2,gendered
850,babusom,babus,subst:pl:dat:m2,gendered
851,babusami,babus,subst:pl:inst:m2,gendered
852,babusach,babus,subst:pl:loc:m2,gendered
853,chłopaczysko,chłopaczysko,subst:sg:nom.acc.voc:n:ncol,gendered
854,chłopaczysko,chłopaczysko,subst:sg:nom.voc:m1,gendered
855,chłopaczyska,chłopaczysko,subst:sg:gen.acc:m1,gendered
856,chłopaczyska,chłopaczysko,subst:sg:gen:n:ncol,gendered
857,chłopaczysku,chłopaczysko,subst:sg:dat:m1,gendered
858,chłopaczysku,chłopaczysko,subst:sg:dat:n:ncol,gendered
859,chłopaczyskiem,chłopaczysko,subst:sg:inst:m1,gendered
860,chłopaczyskiem,chłopaczysko,subst:sg:inst:n:ncol,gendered
861,chłopaczysku,chłopaczysko,subst:sg:loc:m1,gendered
862,chłopaczysku,chłopaczysko,subst:sg:loc:n:ncol,gendered
863,chłopaczyska,chłopaczysko,subst:pl:nom.acc.voc:n:ncol,gendered
864,chłopaczyska,chłopaczysko,subst:pl:nom.voc:m1,gendered
865,chłopaczysków,chłopaczysko,subst:pl:gen.acc:m1,gendered
866,chłopaczysk,chłopaczysko,subst:pl:gen:n:ncol,gendered
867,chłopaczyskom,chłopaczysko,subst:pl:dat:m1,gendered
868,chłopaczyskom,chłopaczysko,subst:pl:dat:n:ncol,gendered
869,chłopaczyskami,chłopaczysko,subst:pl:inst:m1,gendered
870,chłopaczyskami,chłopaczysko,subst:pl:inst:n:ncol,gendered
871,chłopaczyskach,chłopaczysko,subst:pl:loc:m1,gendered
872,chłopaczyskach,chłopaczysko,subst:pl:loc:n:ncol,gendered
873,chłopobaba,chłopobaba,ign,gendered
874,ciota,ciota,subst:sg:nom:f,gendered
875,cioty,ciota,subst:sg:gen:f,gendered
876,ciocie,ciota,subst:sg:dat.loc:f,gendered
877,ciotę,ciota,subst:sg:acc:f,gendered
878,ciotą,ciota,subst:sg:inst:f,gendered
879,cioto,ciota,subst:sg:voc:f,gendered
880,cioty,ciota,subst:pl:nom.acc.voc:f,gendered
881,ciot,ciota,subst:pl:gen:f,gendered
882,ciotom,ciota,subst:pl:dat:f,gendered
883,ciotami,ciota,subst:pl:inst:f,gendered
884,ciotach,ciota,subst:pl:loc:f,gendered
885,dziewczątko,dziewczątko,subst:sg:nom.acc.voc:n:ncol,gendered
886,dziewczątka,dziewczątko,subst:sg:gen:n:ncol,gendered
887,dziewczątku,dziewczątko,subst:sg:dat:n:ncol,gendered
888,dziewczątkiem,dziewczątko,subst:sg:inst:n:ncol,gendered
889,dziewczątku,dziewczątko,subst:sg:loc:n:ncol,gendered
890,dziewczątka,dziewczątko,subst:pl:nom.acc.voc:n:ncol,gendered
891,dziewczątek,dziewczątko,subst:pl:gen:n:ncol,gendered
892,dziewczątkom,dziewczątko,subst:pl:dat:n:ncol,gendered
893,dziewczątkami,dziewczątko,subst:pl:inst:n:ncol,gendered
894,dziewczątkach,dziewczątko,subst:pl:loc:n:ncol,gendered
895,dziewczę,dziewczę,subst:sg:nom.acc.voc:n:col,gendered
896,dziewczę,dziewczę,subst:sg:nom.acc.voc:n:ncol,gendered
897,dziewczęcia,dziewczę,subst:sg:gen:n:col,gendered
898,dziewczęcia,dziewczę,subst:sg:gen:n:ncol,gendered
899,dziewczęciu,dziewczę,subst:sg:dat:n:col,gendered
900,dziewczęciu,dziewczę,subst:sg:dat:n:ncol,gendered
901,dziewczęciem,dziewczę,subst:sg:inst:n:col,gendered
902,dziewczęciem,dziewczę,subst:sg:inst:n:ncol,gendered
903,dziewczęciu,dziewczę,subst:sg:loc:n:col,gendered
904,dziewczęciu,dziewczę,subst:sg:loc:n:ncol,gendered
905,dziewczęta,dziewczę,subst:pl:nom.acc.voc:n:col,gendered
906,dziewczęta,dziewczę,subst:pl:nom.acc.voc:n:ncol,gendered
907,dziewcząt,dziewczę,subst:pl:gen:n:col,gendered
908,dziewcząt,dziewczę,subst:pl:gen:n:ncol,gendered
909,dziewczętom,dziewczę,subst:pl:dat:n:col,gendered
910,dziewczętom,dziewczę,subst:pl:dat:n:ncol,gendered
911,dziewczętami,dziewczę,subst:pl:inst:n:col,gendered
912,dziewczętami,dziewczę,subst:pl:inst:n:ncol,gendered
913,dziewczętach,dziewczę,subst:pl:loc:n:col,gendered
914,dziewczętach,dziewczę,subst:pl:loc:n:ncol,gendered
915,dziewuszysko,dziewuszysko,subst:sg:nom.acc.voc:n:ncol,gendered
916,dziewuszyska,dziewuszysko,subst:sg:gen:n:ncol,gendered
917,dziewuszysku,dziewuszysko,subst:sg:dat:n:ncol,gendered
918,dziewuszyskiem,dziewuszysko,subst:sg:inst:n:ncol,gendered
919,dziewuszysku,dziewuszysko,subst:sg:loc:n:ncol,gendered
920,dziewuszyska,dziewuszysko,subst:pl:nom.acc.voc:n:ncol,gendered
921,dziewuszysk,dziewuszysko,subst:pl:gen:n:ncol,gendered
922,dziewuszysków,dziewuszysko,subst:pl:gen:n:ncol,gendered
923,dziewuszyskom,dziewuszysko,subst:pl:dat:n:ncol,gendered
924,dziewuszyskami,dziewuszysko,subst:pl:inst:n:ncol,gendered
925,dziewuszyskach,dziewuszysko,subst:pl:loc:n:ncol,gendered
926,kobieciątko,kobieciątko,subst:sg:nom.acc.voc:n:ncol,gendered
927,kobieciątka,kobieciątko,subst:sg:gen:n:ncol,gendered
928,kobieciątku,kobieciątko,subst:sg:dat:n:ncol,gendered
929,kobieciątkiem,kobieciątko,subst:sg:inst:n:ncol,gendered
930,kobieciątku,kobieciątko,subst:sg:loc:n:ncol,gendered
931,kobieciątka,kobieciątko,subst:pl:nom.acc.voc:n:ncol,gendered
932,kobieciątek,kobieciątko,subst:pl:gen:n:ncol,gendered
933,kobieciątkom,kobieciątko,subst:pl:dat:n:ncol,gendered
934,kobieciątkami,kobieciątko,subst:pl:inst:n:ncol,gendered
935,kobieciątkach,kobieciątko,subst:pl:loc:n:ncol,gendered
936,kobiecisko,kobiecisko,subst:sg:nom.acc.voc:n:ncol,gendered
937,kobieciska,kobiecisko,subst:sg:gen:n:ncol,gendered
938,kobiecisku,kobiecisko,subst:sg:dat:n:ncol,gendered
939,kobieciskiem,kobiecisko,subst:sg:inst:n:ncol,gendered
940,kobiecisku,kobiecisko,subst:sg:loc:n:ncol,gendered
941,kobieciska,kobiecisko,subst:pl:nom.acc.voc:n:ncol,gendered
942,kobiecisk,kobiecisko,subst:pl:gen:n:ncol,gendered
943,kobieciskom,kobiecisko,subst:pl:dat:n:ncol,gendered
944,kobieciskami,kobiecisko,subst:pl:inst:n:ncol,gendered
945,kobieciskach,kobiecisko,subst:pl:loc:n:ncol,gendered
946,kobieton,kobieton,subst:sg:nom:m2,gendered
947,kobietona,kobieton,subst:sg:gen.acc:m2,gendered
948,kobietonowi,kobieton,subst:sg:dat:m2,gendered
949,kobietonem,kobieton,subst:sg:inst:m2,gendered
950,kobietonie,kobieton,subst:sg:loc:m2,gendered
951,kobietonie,kobieton,subst:sg:voc:m2,gendered
952,kobietony,kobieton,subst:pl:nom.acc.voc:m2,gendered
953,kobietonów,kobieton,subst:pl:gen:m2,gendered
954,kobietonom,kobieton,subst:pl:dat:m2,gendered
955,kobietonami,kobieton,subst:pl:inst:m2,gendered
956,kobietonach,kobieton,subst:pl:loc:m2,gendered
957,pacholę,pacholę,subst:sg:nom.acc.voc:n:col,gendered
958,pacholęcia,pacholę,subst:sg:gen:n:col,gendered
959,pacholęciu,pacholę,subst:sg:dat:n:col,gendered
960,pacholęciem,pacholę,subst:sg:inst:n:col,gendered
961,pacholęciu,pacholę,subst:sg:loc:n:col,gendered
962,pacholęta,pacholę,subst:pl:nom.acc.voc:n:col,gendered
963,pacholąt,pacholę,subst:pl:gen:n:col,gendered
964,pacholętom,pacholę,subst:pl:dat:n:col,gendered
965,pacholętami,pacholę,subst:pl:inst:n:col,gendered
966,pacholętach,pacholę,subst:pl:loc:n:col,gendered
967,pannisko,pannisko,adv:pos,gendered
968,pannisko,pannisko,subst:sg:nom.acc.voc:n:ncol,gendered
969,panniska,pannisko,subst:sg:gen:n:ncol,gendered
970,pannisku,pannisko,subst:sg:dat:n:ncol,gendered
971,panniskiem,pannisko,subst:sg:inst:n:ncol,gendered
972,pannisku,pannisko,subst:sg:loc:n:ncol,gendered
973,panniska,pannisko,subst:pl:nom.acc.voc:n:ncol,gendered
974,pannisk,pannisko,subst:pl:gen:n:ncol,gendered
975,panniskom,pannisko,subst:pl:dat:n:ncol,gendered
976,panniskami,pannisko,subst:pl:inst:n:ncol,gendered
977,panniskach,pannisko,subst:pl:loc:n:ncol,gendered
978,pasztet,pasztet,subst:sg:nom.acc:m3,gendered
979,pasztetu,pasztet,subst:sg:gen:m3,gendered
980,pasztetowi,pasztet,subst:sg:dat:m3,gendered
981,pasztetem,pasztet,subst:sg:inst:m3,gendered
982,pasztecie,pasztet,subst:sg:loc:m3,gendered
983,pasztecie,pasztet,subst:sg:voc:m3,gendered
984,pasztety,pasztet,subst:pl:nom.acc.voc:m3,gendered
985,pasztetów,pasztet,subst:pl:gen:m3,gendered
986,pasztetom,pasztet,subst:pl:dat:m3,gendered
987,pasztetami,pasztet,subst:pl:inst:m3,gendered
988,pasztetach,pasztet,subst:pl:loc:m3,gendered
989,wamp,wamp,subst:sg:nom:m2,gendered
990,wampa,wamp,subst:sg:gen.acc:m2,gendered
991,wampowi,wamp,subst:sg:dat:m2,gendered
992,wampem,wamp,subst:sg:inst:m2,gendered
993,wampie,wamp,subst:sg:loc:m2,gendered
994,wampie,wamp,subst:sg:voc:m2,gendered
995,wampy,wamp,subst:pl:nom.acc.voc:m2,gendered
996,wampów,wamp,subst:pl:gen:m2,gendered
997,wampom,wamp,subst:pl:dat:m2,gendered
998,wampami,wamp,subst:pl:inst:m2,gendered
999,wampach,wamp,subst:pl:loc:m2,gendered
